{
	"numRecords": 3997138,
	"numReads": 4044922,
	"numBarcodes": 202321,
	"medianReadsPerBarcode": 1.000000,
	"meanReadsPerBarcode": 19.992596,
	"numUMIs": 971878,
	"numBarcodeUMIs": 3167356,
	"medianUMIsPerBarcode": 1.000000,
	"meanUMIsPerBarcode": 15.655103,
	"gtRecords": 3952446,
	"numTargets": 336320,
	"medianTargetsPerSet": 3.000000,
	"meanTargetsPerSet": 11.416379,
	"numSingleton": 1038364,
	"gtTargets": 45394,
	"numBarcodesOnWhitelist": 93736,
	"percentageBarcodesOnWhitelist": 46.330336,
	"numReadsOnWhitelist": 3209550,
	"percentageReadsOnWhitelist": 79.347636
}
